,Year,Trimester,Provincia,ADSL,Cablemodem,Optical Fiber,Wireless,Others,Total,date,FB_ADSL_ratio
0,2022,3,Buenos Aires,339648,2748325,1436433,126846,70416,4721668,2022-07-01,4.229181387789712
1,2022,3,Ciudad de Buenos Aires,140791,1240125,129218,5758,31787,1547679,2022-07-01,0.9178001434750801
2,2022,3,Catamarca,10010,10495,46224,1329,2235,70293,2022-07-01,4.617782217782218
3,2022,3,Chaco,27164,61800,44645,8178,2359,144146,2022-07-01,1.6435355617729348
4,2022,3,Chubut,45377,72212,9574,29784,8831,165778,2022-07-01,0.21098794543491195
5,2022,3,Córdoba,163770,465461,338570,6107,9797,1038668,2022-07-01,2.067350552604262
6,2022,3,Corrientes,36508,77140,18619,7256,5323,144846,2022-07-01,0.5099978086994631
7,2022,3,Entre Ríos,60345,132952,36971,26098,12593,268959,2022-07-01,0.6126605352556136
8,2022,3,Formosa,14470,25880,11041,16935,2120,68538,2022-07-01,0.7630269523151347
9,2022,3,Jujuy,19257,52978,40172,4033,2383,118823,2022-07-01,2.0860985615620296
10,2022,3,La Pampa,7796,60078,23551,20216,4451,116092,2022-07-01,3.020908158029759
11,2022,3,La Rioja,6842,53899,19697,6395,310,86864,2022-07-01,2.878836597486115
12,2022,3,Mendoza,37659,78858,142615,27625,2766,289523,2022-07-01,3.787009745346398
13,2022,3,Misiones,35513,88902,39046,11074,7622,182157,2022-07-01,1.09948469574522
14,2022,3,Neuquén,29352,75815,29396,27482,1116,163161,2022-07-01,1.0014990460615971
15,2022,3,Río Negro,35552,48260,41017,1676,18969,160558,2022-07-01,1.153718496849685
16,2022,3,Salta,40006,96984,50254,10082,7215,204541,2022-07-01,1.2561615757636355
17,2022,3,San Juan,38570,22723,12328,2186,7918,103399,2022-07-01,0.31962665283899405
18,2022,3,San Luis,6860,29363,248,70614,14985,122070,2022-07-01,0.036151603498542274
19,2022,3,Santa Cruz,10170,24047,10815,3896,5820,49510,2022-07-01,1.0634218289085546
20,2022,3,Santa Fe,183740,426255,215189,43079,19547,887810,2022-07-01,1.1711603352563404
21,2022,3,Santiago del Estero,15385,80937,13170,6618,2922,119032,2022-07-01,0.8560285992850178
22,2022,3,Tierra del Fuego,12754,39963,403,1250,6510,53896,2022-07-01,0.031597930061157284
23,2022,3,Tucumán,77738,18518,162345,3997,5190,263117,2022-07-01,2.0883609045769123
24,2022,2,Buenos Aires,350652,2719613,1399043,126847,71028,4667183,2022-04-01,3.989833224963782
25,2022,2,Ciudad de Buenos Aires,145491,1232226,121506,5757,31791,1536771,2022-04-01,0.8351444419242428
26,2022,2,Catamarca,11928,9430,42087,1329,2234,67008,2022-04-01,3.528420523138833
27,2022,2,Chaco,29552,61284,42194,8178,2356,143564,2022-04-01,1.4277883053600433
28,2022,2,Chubut,45377,69242,9574,29784,8828,162805,2022-04-01,0.21098794543491195
29,2022,2,Córdoba,179181,467595,308895,61107,9657,1026435,2022-04-01,1.7239272021029015
30,2022,2,Corrientes,38468,75769,18181,7256,5323,144997,2022-04-01,0.4726265987314131
31,2022,2,Entre Ríos,63794,131029,35839,26098,12592,269352,2022-04-01,0.5617926450763394
32,2022,2,Formosa,15397,25487,9875,1691,2120,67881,2022-04-01,0.6413587062414756
33,2022,2,Jujuy,20303,54495,34184,3955,2377,115314,2022-04-01,1.6836920652120377
34,2022,2,La Pampa,7796,59273,22994,202,1264,111527,2022-04-01,2.949461262185736
35,2022,2,La Rioja,7759,52656,19189,6395,310,86030,2022-04-01,2.4731279804098465
36,2022,2,Mendoza,37663,77504,135504,26964,1927,279562,2022-04-01,3.597801555903672
37,2022,2,Misiones,37208,89260,33649,11074,7622,178813,2022-04-01,0.9043485271984519
38,2022,2,Neuquén,29749,74905,28824,27371,1119,161968,2022-04-01,0.9689065178661468
39,2022,2,Río Negro,36050,47040,40946,1676,18968,159764,2022-04-01,1.1358113730929265
40,2022,2,Salta,42665,96178,47076,10068,719,203177,2022-04-01,1.1033868510488691
41,2022,2,San Juan,38570,19734,12328,21859,7916,100407,2022-04-01,0.31962665283899405
42,2022,2,San Luis,6860,29034,248,70614,14985,121741,2022-04-01,0.036151603498542274
43,2022,2,Santa Cruz,10170,23725,10815,3896,5790,49185,2022-04-01,1.0634218289085546
44,2022,2,Santa Fe,198492,428233,189503,43081,1955,878859,2022-04-01,0.9547135400922959
45,2022,2,Santiago del Estero,16561,80338,11605,6618,2922,118044,2022-04-01,0.7007427087736248
46,2022,2,Tierra del Fuego,12754,39837,403,1250,6510,53770,2022-04-01,0.031597930061157284
47,2022,2,Tucumán,85893,15327,148823,3997,4870,254527,2022-04-01,1.7326557461027092
48,2022,1,Buenos Aires,392045,2728865,1242121,125521,66872,4555424,2022-01-01,3.1683123110867375
49,2022,1,Ciudad de Buenos Aires,102290,1217225,62308,5784,29934,1417541,2022-01-01,0.6091309023364943
50,2022,1,Catamarca,14181,15517,29118,1328,2234,62378,2022-01-01,2.053310767928919
51,2022,1,Chaco,32391,64546,36662,8164,2356,144119,2022-01-01,1.1318576147695347
52,2022,1,Chubut,44133,66667,9184,30592,21052,171628,2022-01-01,0.20809824847619696
53,2022,1,Córdoba,195610,501799,235838,60843,9713,1003803,2022-01-01,1.2056541076632075
54,2022,1,Corrientes,40462,79093,10875,6774,5374,142578,2022-01-01,0.2687706984330977
55,2022,1,Entre Ríos,67159,138986,23091,26098,12592,267926,2022-01-01,0.34382584612635686
56,2022,1,Formosa,16397,15927,5146,16876,2020,54548,2022-01-01,0.3138378971763127
57,2022,1,Jujuy,21307,60616,25949,4662,3975,116509,2022-01-01,1.2178626742385132
58,2022,1,La Pampa,8003,58978,21739,19903,1109,109732,2022-01-01,2.7163563663626142
59,2022,1,La Rioja,9103,59228,9546,6395,310,84303,2022-01-01,1.0486652751840053
60,2022,1,Mendoza,49464,74145,123228,26969,1379,275185,2022-01-01,2.4912663755458517
61,2022,1,Misiones,39147,91752,25178,7807,7624,171508,2022-01-01,0.6431655043809232
62,2022,1,Neuquén,28443,73200,24193,23098,7450,149679,2022-01-01,0.8505783496818198
63,2022,1,Río Negro,38662,45366,38037,16815,18494,157374,2022-01-01,0.9838342558584656
64,2022,1,Salta,44714,98667,40994,595,719,197515,2022-01-01,0.9168045802209599
65,2022,1,San Juan,34038,14449,11294,20723,7674,88178,2022-01-01,0.33180562900287913
66,2022,1,San Luis,7987,11296,31,71809,28721,119844,2022-01-01,0.0038813071240766245
67,2022,1,Santa Cruz,10537,23420,10766,3974,4050,49102,2022-01-01,1.0217329410648193
68,2022,1,Santa Fe,213486,444609,146552,45261,20571,870479,2022-01-01,0.686471244016001
69,2022,1,Santiago del Estero,18118,87979,1093,6349,2922,116461,2022-01-01,0.060326746881554254
70,2022,1,Tierra del Fuego,13031,38700,416,1240,3400,52611,2022-01-01,0.03192387383930627
71,2022,1,Tucumán,92532,62396,86174,3995,4870,245584,2022-01-01,0.9312886352829292
72,2021,4,Buenos Aires,426325,2706506,1176024,126887,73415,4509157,2021-10-01,2.7585152172638248
73,2021,4,Ciudad de Buenos Aires,111360,1205128,60005,5679,29947,1412119,2021-10-01,0.5388380028735632
74,2021,4,Catamarca,16385,13858,25100,1512,2235,59090,2021-10-01,1.5318889227952395
75,2021,4,Chaco,35548,63145,34688,8005,2359,143745,2021-10-01,0.975807359063801
76,2021,4,Chubut,46361,57412,9655,28041,18839,160308,2021-10-01,0.20825694010051551
77,2021,4,Córdoba,212011,487489,217214,61277,8779,986770,2021-10-01,1.024541179467103
78,2021,4,Corrientes,42523,71183,10138,6778,529,135912,2021-10-01,0.23841215342285352
79,2021,4,Entre Ríos,70459,133387,23452,25022,12726,265046,2021-10-01,0.33284605231411174
80,2021,4,Formosa,17211,15111,5151,16018,1720,53663,2021-10-01,0.2992853407704375
81,2021,4,Jujuy,22330,60511,24156,2927,3991,113915,2021-10-01,1.0817733990147784
82,2021,4,La Pampa,8175,58000,20192,19286,1354,107007,2021-10-01,2.4699694189602446
83,2021,4,La Rioja,10387,56651,9446,6613,310,83128,2021-10-01,0.909405988254549
84,2021,4,Mendoza,59842,71553,109667,24666,1859,267587,2021-10-01,1.8326092042378264
85,2021,4,Misiones,41778,92068,22035,7649,7602,171132,2021-10-01,0.5274307051558237
86,2021,4,Neuquén,29175,72761,23253,21531,7460,147466,2021-10-01,0.7970179948586118
87,2021,4,Río Negro,42037,44495,32212,16558,18451,153753,2021-10-01,0.7662773271165878
88,2021,4,Salta,46972,99808,39555,5882,7188,199405,2021-10-01,0.8420974197394192
89,2021,4,San Juan,35868,13102,11072,11423,8493,79958,2021-10-01,0.3086874093899855
90,2021,4,San Luis,8472,11064,30,7056,28723,118849,2021-10-01,0.0035410764872521247
91,2021,4,Santa Cruz,10790,22902,10031,4346,4170,48486,2021-10-01,0.9296570898980537
92,2021,4,Santa Fe,233427,444373,128856,43556,16229,866441,2021-10-01,0.5520184040406637
93,2021,4,Santiago del Estero,19032,86563,1088,6256,2922,115861,2021-10-01,0.057166876839007986
94,2021,4,Tierra del Fuego,13317,38148,426,1240,3420,52357,2021-10-01,0.03198918675377337
95,2021,4,Tucumán,97830,59022,78790,2511,4860,238639,2021-10-01,0.805376673821936
96,2021,3,Buenos Aires,585729,2595485,885613,120228,64554,4251609,2021-07-01,1.5119842111283546
97,2021,3,Ciudad de Buenos Aires,142902,1192107,42966,6059,29371,1413405,2021-07-01,0.3006675903766217
98,2021,3,Catamarca,18413,11709,22331,1568,2233,56254,2021-07-01,1.212784445772009
99,2021,3,Chaco,38258,63659,27583,8018,2353,139871,2021-07-01,0.7209733911861571
100,2021,3,Chubut,49269,55794,8946,23376,18681,156066,2021-07-01,0.18157462095841198
101,2021,3,Córdoba,229275,477223,167495,57617,15178,946788,2021-07-01,0.7305419256351543
102,2021,3,Corrientes,44805,69403,7542,6766,5303,133819,2021-07-01,0.1683294275192501
103,2021,3,Entre Ríos,74443,128752,20485,235,13195,260375,2021-07-01,0.2751769810459009
104,2021,3,Formosa,18093,14111,4730,1569,1710,52795,2021-07-01,0.26142707124302217
105,2021,3,Jujuy,23554,60758,19926,2952,3968,111158,2021-07-01,0.8459709603464379
106,2021,3,La Pampa,9015,57881,17817,14479,1295,100487,2021-07-01,1.9763727121464227
107,2021,3,La Rioja,11329,54744,9444,6613,300,82160,2021-07-01,0.8336128519728131
108,2021,3,Mendoza,91474,71247,70579,21811,8280,255939,2021-07-01,0.771574436451888
109,2021,3,Misiones,43230,89469,10969,7198,7662,158528,2021-07-01,0.253735831598427
110,2021,3,Neuquén,29650,73794,16455,1927,6400,139809,2021-07-01,0.5549747048903878
111,2021,3,Río Negro,47934,44519,18725,15031,18376,144585,2021-07-01,0.3906412984520382
112,2021,3,Salta,49212,98318,36126,5724,6453,195833,2021-07-01,0.7340892465252378
113,2021,3,San Juan,40072,12922,6670,11372,8447,79483,2021-07-01,0.16645038929926134
114,2021,3,San Luis,8417,11884,27,68856,2868,117864,2021-07-01,0.003207793750742545
115,2021,3,Santa Cruz,12347,22961,6328,4269,3071,48976,2021-07-01,0.5125131610917631
116,2021,3,Santa Fe,245929,443156,93412,43447,1564,841584,2021-07-01,0.3798332038921803
117,2021,3,Santiago del Estero,19939,85535,909,6147,2928,115458,2021-07-01,0.04558904659210592
118,2021,3,Tierra del Fuego,12853,36958,6,160,3900,50223,2021-07-01,0.0004668170855053295
119,2021,3,Tucumán,104489,53868,70964,2408,7430,232472,2021-07-01,0.6791528294844433
120,2021,2,Buenos Aires,603255,2503830,854173,113546,57547,4132351,2021-04-01,1.4159401911297875
121,2021,2,Ciudad de Buenos Aires,148989,1175097,41318,558,29371,1400355,2021-04-01,0.27732248689500566
122,2021,2,Catamarca,20305,9426,22331,1449,2233,55744,2021-04-01,1.0997783797094312
123,2021,2,Chaco,39826,62948,27584,8018,2353,140729,2021-04-01,0.6926128659669563
124,2021,2,Chubut,49271,41497,6081,23682,18706,139237,2021-04-01,0.12341945566357493
125,2021,2,Córdoba,239780,467782,151855,55944,15519,930880,2021-04-01,0.6333097005588456
126,2021,2,Corrientes,46648,67262,3731,6557,5303,129501,2021-04-01,0.07998199279711884
127,2021,2,Entre Ríos,77836,124957,17856,23786,13197,257632,2021-04-01,0.22940541651677887
128,2021,2,Formosa,19571,12509,3610,1569,1710,51551,2021-04-01,0.1844565939400133
129,2021,2,Jujuy,24738,60800,19611,2731,3968,111848,2021-04-01,0.7927479990298326
130,2021,2,La Pampa,9017,57014,17132,13209,1295,97667,2021-04-01,1.8999667295109237
131,2021,2,La Rioja,11627,54255,9445,6245,300,81602,2021-04-01,0.8123333620022362
132,2021,2,Mendoza,91503,70834,44696,21811,8270,229671,2021-04-01,0.48846485907565873
133,2021,2,Misiones,44960,87861,10376,5317,7662,156176,2021-04-01,0.2307829181494662
134,2021,2,Neuquén,30083,72690,15619,19218,6400,138250,2021-04-01,0.519196888608184
135,2021,2,Río Negro,48189,43761,18727,15031,18376,144084,2021-04-01,0.3886156591753305
136,2021,2,Salta,51396,96016,32050,5724,6453,191639,2021-04-01,0.6235893843878901
137,2021,2,San Juan,40072,12369,6673,11372,8447,78933,2021-04-01,0.1665252545418247
138,2021,2,San Luis,8417,11308,28,6686,36205,122818,2021-04-01,0.0033266009266959724
139,2021,2,Santa Cruz,12347,22967,6328,4269,3071,48982,2021-04-01,0.5125131610917631
140,2021,2,Santa Fe,256741,431915,90424,43997,17523,840600,2021-04-01,0.3521992981253481
141,2021,2,Santiago del Estero,20734,83770,909,5081,3596,114090,2021-04-01,0.04384103405035208
142,2021,2,Tierra del Fuego,12853,22504,6,140,3160,35693,2021-04-01,0.0004668170855053295
143,2021,2,Tucumán,110429,48359,71683,1837,7430,233051,2021-04-01,0.6491320214798649
144,2021,1,Buenos Aires,629679,2452056,821597,98806,57864,4060002,2021-01-01,1.3047870422866255
145,2021,1,Ciudad de Buenos Aires,159805,1145093,39980,5559,29236,1379673,2021-01-01,0.2501799067613654
146,2021,1,Catamarca,26316,4409,18688,3220,2233,51968,2021-01-01,0.7101383188934488
147,2021,1,Chaco,43214,61251,25426,8004,1875,139770,2021-01-01,0.5883741380108298
148,2021,1,Chubut,45501,40960,3444,23723,18712,132340,2021-01-01,0.07569064416166678
149,2021,1,Córdoba,260350,444695,134634,54137,17065,910881,2021-01-01,0.5171269444977914
150,2021,1,Corrientes,49160,62876,3337,5949,5303,126625,2021-01-01,0.06788039056143205
151,2021,1,Entre Ríos,83688,118424,16846,20836,12169,251963,2021-01-01,0.20129528725743237
152,2021,1,Formosa,20663,11412,2562,15669,3800,50686,2021-01-01,0.12398974011518173
153,2021,1,Jujuy,32254,54324,17322,2677,3879,110456,2021-01-01,0.5370496682582006
154,2021,1,La Pampa,8946,58711,15779,12369,13,97105,2021-01-01,1.763805052537447
155,2021,1,La Rioja,17363,34984,1,2500,300,52628,2021-01-01,5.759373380176237e-05
156,2021,1,Mendoza,91844,69295,38619,18332,8330,218923,2021-01-01,0.42048473498541006
157,2021,1,Misiones,48292,82339,7064,4796,6896,149387,2021-01-01,0.14627681603578233
158,2021,1,Neuquén,30223,70457,14171,17752,6320,133235,2021-01-01,0.4688813155543791
159,2021,1,Río Negro,48777,42192,17828,13994,18377,141168,2021-01-01,0.36550013325952807
160,2021,1,Salta,54768,89187,31498,5669,6452,187574,2021-01-01,0.5751168565585744
161,2021,1,San Juan,40072,11589,6671,11482,8453,78267,2021-01-01,0.1664753443801158
162,2021,1,San Luis,8417,10678,28,63826,36205,119154,2021-01-01,0.0033266009266959724
163,2021,1,Santa Cruz,12347,23089,5975,4264,3900,46065,2021-01-01,0.48392322021543693
164,2021,1,Santa Fe,277012,421480,70976,3914,17519,826127,2021-01-01,0.25621994715030394
165,2021,1,Santiago del Estero,26468,75849,570,5158,3596,111641,2021-01-01,0.021535439020704247
166,2021,1,Tierra del Fuego,12853,27247,6,0,3160,40422,2021-01-01,0.0004668170855053295
167,2021,1,Tucumán,147199,12185,69954,1834,7400,231912,2021-01-01,0.475234206754122
168,2020,4,Buenos Aires,635651,2441248,804991,93444,57927,4033261,2020-10-01,1.2664040487626071
169,2020,4,Ciudad de Buenos Aires,163060,1142528,39890,4815,29237,1379530,2020-10-01,0.2446338771004538
170,2020,4,Catamarca,26870,5115,17856,3220,2233,52396,2020-10-01,0.6645329363602531
171,2020,4,Chaco,44332,61200,23687,7997,1875,139091,2020-10-01,0.5343093025354146
172,2020,4,Chubut,45703,39756,3040,23363,18712,130574,2020-10-01,0.066516421241494
173,2020,4,Córdoba,267396,439322,125620,52827,17536,902701,2020-10-01,0.46979012401083037
174,2020,4,Corrientes,50102,61495,3146,5626,529,125659,2020-10-01,0.06279190451478983
175,2020,4,Entre Ríos,85683,113670,15653,20206,12169,247381,2020-10-01,0.1826850133632109
176,2020,4,Formosa,21264,10789,2432,15341,3800,50206,2020-10-01,0.1143717080511663
177,2020,4,Jujuy,32850,52815,15639,1077,347,105851,2020-10-01,0.4760730593607306
178,2020,4,La Pampa,9009,58945,15432,12194,1315,96895,2020-10-01,1.712953712953713
179,2020,4,La Rioja,17513,34984,1,2500,300,52778,2020-10-01,5.710043967338549e-05
180,2020,4,Mendoza,91842,68364,36083,18331,8330,215453,2020-10-01,0.39288125258596285
181,2020,4,Misiones,49462,79855,6589,4359,6896,147161,2020-10-01,0.1332133759249525
182,2020,4,Neuquén,30468,70614,13732,17689,6320,133135,2020-10-01,0.45070237626362086
183,2020,4,Río Negro,48991,42022,17826,13994,18377,141210,2020-10-01,0.36386275030107573
184,2020,4,Salta,56659,87817,30604,5858,6452,187390,2020-10-01,0.5401436664960554
185,2020,4,San Juan,40072,7004,6599,10468,8453,72596,2020-10-01,0.16467857855859452
186,2020,4,San Luis,8417,11767,27,63019,36205,119435,2020-10-01,0.003207793750742545
187,2020,4,Santa Cruz,12347,19657,1041,4659,297,40674,2020-10-01,0.08431197861828785
188,2020,4,Santa Fe,287271,414746,62692,38712,17392,820813,2020-10-01,0.21823295772980913
189,2020,4,Santiago del Estero,26812,70522,570,5169,3596,106669,2020-10-01,0.02125913769953752
190,2020,4,Tierra del Fuego,12853,26439,6,0,3160,39614,2020-10-01,0.0004668170855053295
191,2020,4,Tucumán,149322,11150,68043,1834,7400,231089,2020-10-01,0.4556796721179732
192,2020,3,Buenos Aires,653930,2384557,749087,94162,55541,3937277,2020-07-01,1.1455155750615509
193,2020,3,Ciudad de Buenos Aires,170375,1129573,39417,3936,29374,1372675,2020-07-01,0.23135436537050624
194,2020,3,Catamarca,26868,3690,16857,2610,2228,49904,2020-07-01,0.6274006252791424
195,2020,3,Chaco,45745,58825,20675,6706,2003,133954,2020-07-01,0.4519619630560717
196,2020,3,Chubut,45761,39386,2897,23216,18767,130027,2020-07-01,0.06330718297240008
197,2020,3,Córdoba,276360,430771,102217,48368,9756,867472,2020-07-01,0.36986901143436096
198,2020,3,Corrientes,50858,58681,2960,5513,5379,123391,2020-07-01,0.05820126627079319
199,2020,3,Entre Ríos,87892,106950,13954,20379,1232,241495,2020-07-01,0.15876302735174988
200,2020,3,Formosa,21790,10003,2000,15023,3930,49209,2020-07-01,0.09178522257916476
201,2020,3,Jujuy,32611,57682,11112,9520,4371,106728,2020-07-01,0.34074392076293275
202,2020,3,La Pampa,9015,56845,14677,11893,1305,93735,2020-07-01,1.6280643372157515
203,2020,3,La Rioja,17346,34984,1,2500,350,52616,2020-07-01,5.765017871555402e-05
204,2020,3,Mendoza,91908,64672,32817,17523,8680,207788,2020-07-01,0.35706358532445487
205,2020,3,Misiones,50195,77989,2572,3445,8985,143186,2020-07-01,0.05124016336288475
206,2020,3,Neuquén,30222,70446,11043,16787,7370,129235,2020-07-01,0.3653960690887433
207,2020,3,Río Negro,49530,40001,10381,13187,18368,131467,2020-07-01,0.20959014738542298
208,2020,3,Salta,58216,84128,25445,5764,7293,180846,2020-07-01,0.43707915349732035
209,2020,3,San Juan,40092,9223,5509,14023,848,77327,2020-07-01,0.1374089593933952
210,2020,3,San Luis,8401,10077,6,61828,36253,116565,2020-07-01,0.0007142006903940007
211,2020,3,Santa Cruz,12845,16098,1027,6938,2373,39281,2020-07-01,0.0799532892175944
212,2020,3,Santa Fe,295051,405807,45721,37112,19307,802998,2020-07-01,0.15495965104337894
213,2020,3,Santiago del Estero,26419,70720,555,4185,3613,105492,2020-07-01,0.02100760816079337
214,2020,3,Tierra del Fuego,12854,26491,0,0,3100,39655,2020-07-01,0.0
215,2020,3,Tucumán,149605,11752,59949,1808,7620,223876,2020-07-01,0.4007152167374085
216,2020,2,Buenos Aires,661272,2244277,723072,91736,57189,3777546,2020-04-01,1.09345624795848
217,2020,2,Ciudad de Buenos Aires,178896,1106133,39482,3937,29373,1357821,2020-04-01,0.22069805920758429
218,2020,2,Catamarca,26968,3641,14878,2610,2228,47976,2020-04-01,0.5516908929101156
219,2020,2,Chaco,46816,56017,17266,6452,1581,128132,2020-04-01,0.36880553656869447
220,2020,2,Chubut,45761,38279,1324,17678,5614,108656,2020-04-01,0.02893293415790739
221,2020,2,Córdoba,282858,415007,85818,44522,8263,836468,2020-04-01,0.30339605031499906
222,2020,2,Corrientes,51248,55536,3144,3927,5011,118866,2020-04-01,0.061348735560412114
223,2020,2,Entre Ríos,89391,99423,13954,20042,11303,234113,2020-04-01,0.15610072602387265
224,2020,2,Formosa,21805,9353,1882,14723,1690,47932,2020-04-01,0.08631047924787892
225,2020,2,Jujuy,32705,38938,5057,9520,16664,94316,2020-04-01,0.15462467512612751
226,2020,2,La Pampa,8551,54422,14232,11314,129,89809,2020-04-01,1.6643667407320781
227,2020,2,La Rioja,16885,34984,1,2500,350,52155,2020-04-01,5.922416345869114e-05
228,2020,2,Mendoza,91904,62941,29613,15924,8020,201184,2020-04-01,0.32221666086350975
229,2020,2,Misiones,50792,74497,2579,3319,9153,140340,2020-04-01,0.0507757127106631
230,2020,2,Neuquén,30256,67990,11037,15755,1134,126172,2020-04-01,0.3647871496562665
231,2020,2,Río Negro,49756,39650,10382,11331,18367,129486,2020-04-01,0.2086582522710829
232,2020,2,Salta,59502,81740,24289,5123,7108,177762,2020-04-01,0.40820476622634533
233,2020,2,San Juan,40092,8275,5509,7019,8882,69777,2020-04-01,0.1374089593933952
234,2020,2,San Luis,8401,8357,6,60935,36253,113952,2020-04-01,0.0007142006903940007
235,2020,2,Santa Cruz,12845,16044,1027,6585,2368,38869,2020-04-01,0.0799532892175944
236,2020,2,Santa Fe,299974,381679,46698,30487,19094,777932,2020-04-01,0.15567349170261421
237,2020,2,Santiago del Estero,25917,72074,355,3038,4063,105447,2020-04-01,0.013697573021568854
238,2020,2,Tierra del Fuego,12854,26025,0,0,3100,39189,2020-04-01,0.0
239,2020,2,Tucumán,150084,9833,55120,1357,7620,217156,2020-04-01,0.3672610005063831
240,2020,1,Buenos Aires,673237,2210349,720688,85443,18334,3708051,2020-01-01,1.0704818659699333
241,2020,1,Ciudad de Buenos Aires,184494,1097635,38898,3911,28556,1353494,2020-01-01,0.21083612475202446
242,2020,1,Catamarca,21945,3146,12056,2610,2227,39635,2020-01-01,0.5493734335839598
243,2020,1,Chaco,46356,54144,11958,6239,158,120277,2020-01-01,0.2579601346104064
244,2020,1,Chubut,45763,27287,1324,16885,5479,96738,2020-01-01,0.02893166968948714
245,2020,1,Córdoba,286168,406109,68512,41617,8693,811099,2020-01-01,0.2394118140393056
246,2020,1,Corrientes,51126,53231,2172,2437,5004,113970,2020-01-01,0.04248327661072644
247,2020,1,Entre Ríos,90368,95434,13245,18737,14062,231846,2020-01-01,0.14656736898016998
248,2020,1,Formosa,21068,8887,1800,1451,1690,46434,2020-01-01,0.08543763052971332
249,2020,1,Jujuy,32066,38938,3078,9420,16641,91665,2020-01-01,0.09598952161167591
250,2020,1,La Pampa,8553,53755,13821,11295,1802,89226,2020-01-01,1.615924237109786
251,2020,1,La Rioja,13076,34984,0,2510,290,48340,2020-01-01,0.0
252,2020,1,Mendoza,91955,50251,28059,12465,7220,183452,2020-01-01,0.30513838290468165
253,2020,1,Misiones,51458,69452,1220,4600,10962,133552,2020-01-01,0.023708655602627384
254,2020,1,Neuquén,29305,65951,11031,14711,7290,121727,2020-01-01,0.3764204060740488
255,2020,1,Río Negro,47756,38479,10381,11222,18362,126200,2020-01-01,0.21737582712119943
256,2020,1,Salta,60426,75593,23025,4125,7212,170381,2020-01-01,0.38104458345745207
257,2020,1,San Juan,40092,6448,5508,7082,5101,64231,2020-01-01,0.13738401676144868
258,2020,1,San Luis,8301,7612,5,58301,36333,110552,2020-01-01,0.0006023370678231539
259,2020,1,Santa Cruz,12845,15766,1026,6817,2368,38822,2020-01-01,0.07987543791358505
260,2020,1,Santa Fe,302366,383673,35123,30488,19468,771118,2020-01-01,0.11616054715146544
261,2020,1,Santiago del Estero,24695,70424,200,2779,4657,102755,2020-01-01,0.008098805426199635
262,2020,1,Tierra del Fuego,12854,25632,0,0,3080,38794,2020-01-01,0.0
263,2020,1,Tucumán,143184,10494,44687,1355,3470,200067,2020-01-01,0.31209492680746453
264,2019,4,Buenos Aires,720011,2191672,669194,87111,18266,3686254,2019-10-01,0.9294219116096838
265,2019,4,Ciudad de Buenos Aires,196938,1093143,35534,3914,28576,1358105,2019-10-01,0.1804324203556449
266,2019,4,Catamarca,22999,3318,9506,2610,2227,38311,2019-10-01,0.4133223183616679
267,2019,4,Chaco,48661,53602,8831,5229,158,117903,2019-10-01,0.18148003534658144
268,2019,4,Chubut,47045,26977,1324,15267,5489,96102,2019-10-01,0.028143267084706134
269,2019,4,Córdoba,296872,410038,53335,3775,8693,806688,2019-10-01,0.17965655231884448
270,2019,4,Corrientes,52525,51845,2002,2458,5004,113834,2019-10-01,0.0381151832460733
271,2019,4,Entre Ríos,92981,99206,12875,18561,15407,239030,2019-10-01,0.1384691496112109
272,2019,4,Formosa,21567,8684,1760,14531,1690,46711,2019-10-01,0.08160615755552464
273,2019,4,Jujuy,32949,37604,873,8140,16641,88881,2019-10-01,0.026495493034689975
274,2019,4,La Pampa,15457,56854,4942,11341,1805,90399,2019-10-01,0.3197256906256065
275,2019,4,La Rioja,13738,34984,0,2510,290,49002,2019-10-01,0.0
276,2019,4,Mendoza,96678,49711,24989,13672,7300,185780,2019-10-01,0.25847659239951176
277,2019,4,Misiones,53116,69676,847,4410,11733,135813,2019-10-01,0.015946230890880337
278,2019,4,Neuquén,29826,60970,10549,14246,8540,116445,2019-10-01,0.3536847046201301
279,2019,4,Río Negro,49747,37933,9658,11437,18365,127140,2019-10-01,0.1941423603433373
280,2019,4,Salta,63272,76062,21865,304,8206,172445,2019-10-01,0.3455715008218485
281,2019,4,San Juan,41360,6338,4931,7241,5104,64974,2019-10-01,0.11922147001934236
282,2019,4,San Luis,8569,8027,6,55266,36333,108201,2019-10-01,0.000700198389543704
283,2019,4,Santa Cruz,13264,15899,1036,68,2371,39370,2019-10-01,0.07810615199034981
284,2019,4,Santa Fe,312072,382254,27464,26978,20401,769169,2019-10-01,0.08800533210284806
285,2019,4,Santiago del Estero,24682,71239,200,281,4657,103588,2019-10-01,0.00810307106393323
286,2019,4,Tierra del Fuego,13261,26821,0,0,3100,40392,2019-10-01,0.0
287,2019,4,Tucumán,146985,11012,39574,7250,3480,198644,2019-10-01,0.2692383576555431
288,2019,3,Buenos Aires,1277249,2144956,425386,85572,2707,3960233,2019-07-01,0.3330486068104183
289,2019,3,Ciudad de Buenos Aires,300288,1080973,24900,3895,31155,1441211,2019-07-01,0.08292039641943734
290,2019,3,Catamarca,24349,5543,13,2440,2251,32400,2019-07-01,0.0005339028296849973
291,2019,3,Chaco,50416,49156,8063,5224,1592,114451,2019-07-01,0.159929387496033
292,2019,3,Chubut,37298,27090,1917,15149,7551,89005,2019-07-01,0.051396857740361415
293,2019,3,Córdoba,307780,399231,30064,37277,8701,783053,2019-07-01,0.09768016115407109
294,2019,3,Corrientes,53344,50230,1888,2458,4839,112759,2019-07-01,0.03539292141571686
295,2019,3,Entre Ríos,94947,96305,12888,1853,15432,238102,2019-07-01,0.13573888590476793
296,2019,3,Formosa,21777,8359,1476,14292,1620,46066,2019-07-01,0.06777793084446894
297,2019,3,Jujuy,33110,35742,274,8120,16638,86576,2019-07-01,0.00827544548474781
298,2019,3,La Pampa,19469,52941,4994,11462,1962,90828,2019-07-01,0.2565103497868406
299,2019,3,La Rioja,14390,34984,11,2510,410,49677,2019-07-01,0.0007644197359277276
300,2019,3,Mendoza,148640,54312,6865,12975,1545,224337,2019-07-01,0.04618541442411195
301,2019,3,Misiones,54493,65872,829,4190,1227,133883,2019-07-01,0.015212963132879452
302,2019,3,Neuquén,43347,60484,5560,13512,2518,125421,2019-07-01,0.12826723879391885
303,2019,3,Río Negro,67478,37425,9739,10806,18847,144295,2019-07-01,0.14432852188861556
304,2019,3,Salta,65799,74329,733,158,9394,151835,2019-07-01,0.011139986929892551
305,2019,3,San Juan,51670,7425,1227,7241,5535,73098,2019-07-01,0.02374685504161022
306,2019,3,San Luis,13037,10561,350,62286,36466,122700,2019-07-01,0.026846667178031757
307,2019,3,Santa Cruz,10663,17056,969,6544,2738,37970,2019-07-01,0.09087498827722029
308,2019,3,Santa Fe,319396,377171,18690,24269,21408,760934,2019-07-01,0.05851670027176295
309,2019,3,Santiago del Estero,24556,71198,219,2759,344,133132,2019-07-01,0.008918390617364392
310,2019,3,Tierra del Fuego,19790,26659,651,0,1487,48587,2019-07-01,0.03289540171803941
311,2019,3,Tucumán,150918,12089,116,6840,3240,164131,2019-07-01,0.0007686293218834069
312,2019,2,Buenos Aires,1284658,2079900,382971,7524,32929,3855698,2019-04-01,0.2981112482855359
313,2019,2,Ciudad de Buenos Aires,309937,1061358,36082,3962,4281,1415620,2019-04-01,0.11641720736794897
314,2019,2,Catamarca,25682,5543,13,1460,2251,33635,2019-04-01,0.0005061911066116346
315,2019,2,Chaco,50765,47448,4203,4727,1591,108734,2019-04-01,0.08279326307495322
316,2019,2,Chubut,37313,26338,1917,14443,7545,87556,2019-04-01,0.05137619596387318
317,2019,2,Córdoba,314768,388254,23023,33847,15236,775128,2019-04-01,0.07314275911147258
318,2019,2,Corrientes,53835,47431,1701,2444,6138,111549,2019-04-01,0.031596544998606854
319,2019,2,Entre Ríos,97081,91081,12764,17369,17529,235824,2019-04-01,0.13147783809396277
320,2019,2,Formosa,21916,8686,1382,14292,1620,46438,2019-04-01,0.06305895236357
321,2019,2,Jujuy,33022,30742,274,8120,21857,86707,2019-04-01,0.00829749863727212
322,2019,2,La Pampa,19471,52101,4840,10789,3004,90205,2019-04-01,0.24857480355400338
323,2019,2,La Rioja,15014,34984,11,2510,410,50301,2019-04-01,0.0007326495271080325
324,2019,2,Mendoza,148673,54027,6865,12748,1544,223857,2019-04-01,0.04617516294148904
325,2019,2,Misiones,55373,64272,543,4210,12269,132878,2019-04-01,0.00980622324959818
326,2019,2,Neuquén,43420,59021,4983,12792,2737,122953,2019-04-01,0.11476278212805159
327,2019,2,Río Negro,67841,36527,4037,10485,19657,138547,2019-04-01,0.05950678793060244
328,2019,2,Salta,68827,62343,725,121,9463,142568,2019-04-01,0.010533656849782788
329,2019,2,San Juan,51680,7425,1174,287,6876,70025,2019-04-01,0.02271671826625387
330,2019,2,San Luis,11130,10298,347,57242,38368,117385,2019-04-01,0.031176999101527405
331,2019,2,Santa Cruz,10665,10257,379,6514,2735,30550,2019-04-01,0.03553680262541022
332,2019,2,Santa Fe,325420,355140,18236,2198,22708,743484,2019-04-01,0.056038350439432116
333,2019,2,Santiago del Estero,24393,64783,219,2759,346,126754,2019-04-01,0.008977985487639896
334,2019,2,Tierra del Fuego,19790,25527,651,0,1486,47454,2019-04-01,0.03289540171803941
335,2019,2,Tucumán,153121,12089,116,6840,3210,166331,2019-04-01,0.0007575708100129963
336,2019,1,Buenos Aires,1304507,2020730,336362,64867,20201,3746667,2019-01-01,0.2578460675182272
337,2019,1,Ciudad de Buenos Aires,328246,1030814,32281,3978,4281,1399600,2019-01-01,0.09834392498309195
338,2019,1,Catamarca,26912,4443,16,0,2251,33622,2019-01-01,0.0005945303210463733
339,2019,1,Chaco,53409,43555,1951,3628,1134,103677,2019-01-01,0.03652942387987043
340,2019,1,Chubut,37302,23065,1923,14443,3045,79778,2019-01-01,0.05155219559272961
341,2019,1,Córdoba,323272,363959,19902,24615,12367,744115,2019-01-01,0.06156425548763889
342,2019,1,Corrientes,55842,43444,1615,1528,580,102487,2019-01-01,0.028920883922495613
343,2019,1,Entre Ríos,100999,90253,12723,16231,12241,232447,2019-01-01,0.12597154427271556
344,2019,1,Formosa,22570,7878,940,13761,620,45211,2019-01-01,0.04164820558263181
345,2019,1,Jujuy,33248,12484,153,6400,43622,90147,2019-01-01,0.004601780558229066
346,2019,1,La Pampa,18832,57373,2891,9023,1041,89160,2019-01-01,0.15351529311809686
347,2019,1,La Rioja,16367,34984,12,2520,410,51656,2019-01-01,0.0007331826235718213
348,2019,1,Mendoza,148524,40205,5662,10363,1544,206298,2019-01-01,0.0381217850313754
349,2019,1,Misiones,54898,59214,465,4260,7717,122720,2019-01-01,0.008470253925461765
350,2019,1,Neuquén,40747,55634,3114,1251,2372,114377,2019-01-01,0.0764228041328196
351,2019,1,Río Negro,68377,34124,3994,9736,4857,121088,2019-01-01,0.05841145414393729
352,2019,1,Salta,74426,57933,647,1135,1879,136020,2019-01-01,0.008693198613387795
353,2019,1,San Juan,51660,5838,808,2932,1207,62445,2019-01-01,0.01564072783584979
354,2019,1,San Luis,11108,7784,378,53097,23968,96335,2019-01-01,0.03402952826791501
355,2019,1,Santa Cruz,10659,4615,382,6514,2735,24905,2019-01-01,0.03583825874847547
356,2019,1,Santa Fe,340038,340344,15621,23215,1786,737078,2019-01-01,0.04593898329010287
357,2019,1,Santiago del Estero,25337,61547,23,2847,990,89853,2019-01-01,0.0009077633500414414
358,2019,1,Tierra del Fuego,19789,23549,1623,0,1486,46447,2019-01-01,0.08201526100358786
359,2019,1,Tucumán,159215,11670,118,6780,3210,172002,2019-01-01,0.0007411361994786923
360,2018,4,Buenos Aires,1305576,1949637,296102,65477,19814,3636606,2018-10-01,0.22679798035503104
361,2018,4,Ciudad de Buenos Aires,328253,1019490,33042,3978,4257,1389020,2018-10-01,0.10066016152175304
362,2018,4,Catamarca,26912,4443,16,0,2212,33583,2018-10-01,0.0005945303210463733
363,2018,4,Chaco,53409,43555,1940,3236,113,103270,2018-10-01,0.03632346608249546
364,2018,4,Chubut,37215,23065,952,14443,3047,78722,2018-10-01,0.025581082896681446
365,2018,4,Córdoba,328854,355716,17675,21851,13243,737339,2018-10-01,0.053747255621035474
366,2018,4,Corrientes,55842,42418,796,1515,300,100601,2018-10-01,0.014254503778517962
367,2018,4,Entre Ríos,101168,86198,4853,15472,14356,222047,2018-10-01,0.0479697137434762
368,2018,4,Formosa,22619,7880,887,13761,570,45204,2018-10-01,0.03921481939961979
369,2018,4,Jujuy,33248,12484,153,6400,43608,90133,2018-10-01,0.004601780558229066
370,2018,4,La Pampa,18832,55337,2685,7772,101,85636,2018-10-01,0.14257646559048429
371,2018,4,La Rioja,16367,34984,12,2520,360,51651,2018-10-01,0.0007331826235718213
372,2018,4,Mendoza,148524,40205,5665,10363,1547,206304,2018-10-01,0.038141983787132044
373,2018,4,Misiones,55500,53673,465,4260,6209,116273,2018-10-01,0.008378378378378378
374,2018,4,Neuquén,40747,55634,3115,12425,2444,114365,2018-10-01,0.07644734581686996
375,2018,4,Río Negro,68377,34292,1299,8037,4832,116837,2018-10-01,0.018997616157479854
376,2018,4,Salta,74295,57539,638,2530,1853,134578,2018-10-01,0.00858738811494717
377,2018,4,San Juan,51660,5838,806,2883,1211,62398,2018-10-01,0.015602013162988773
378,2018,4,San Luis,11108,7784,378,53097,23964,96331,2018-10-01,0.03402952826791501
379,2018,4,Santa Cruz,10659,4615,382,6378,2734,24768,2018-10-01,0.03583825874847547
380,2018,4,Santa Fe,335519,322782,14387,18705,28997,720390,2018-10-01,0.04287983690938516
381,2018,4,Santiago del Estero,25339,61243,23,2649,810,89335,2018-10-01,0.0009076917005406685
382,2018,4,Tierra del Fuego,19789,23349,1623,0,1499,46260,2018-10-01,0.08201526100358786
383,2018,4,Tucumán,159215,11670,119,6860,3140,172004,2018-10-01,0.0007474170147285117
384,2018,3,Buenos Aires,1435856,1929273,156382,62318,26448,3610277,2018-07-01,0.10891203574731728
385,2018,3,Ciudad de Buenos Aires,334353,1009252,35694,3872,9319,1392490,2018-07-01,0.10675543512395581
386,2018,3,Catamarca,27553,4443,15,10,2214,34226,2018-07-01,0.0005444053279134759
387,2018,3,Chaco,53927,42359,1990,2628,1129,102033,2018-07-01,0.03690173753407384
388,2018,3,Chubut,58887,23065,1239,13817,6728,103736,2018-07-01,0.021040297518977024
389,2018,3,Córdoba,337620,342401,15785,19213,10839,725858,2018-07-01,0.04675374681594692
390,2018,3,Corrientes,56444,41300,212,1468,320,99456,2018-07-01,0.0037559350861030402
391,2018,3,Entre Ríos,103318,83714,2403,15093,800,204608,2018-07-01,0.02325828993979752
392,2018,3,Formosa,22777,7589,817,13625,570,44865,2018-07-01,0.035869517495719365
393,2018,3,Jujuy,33363,10856,32,6410,430,44935,2018-07-01,0.0009591463597398316
394,2018,3,La Pampa,12415,54574,8437,7011,9870,83424,2018-07-01,0.6795811518324607
395,2018,3,La Rioja,16587,34984,13,2530,350,51872,2018-07-01,0.0007837463073491289
396,2018,3,Mendoza,151033,40205,5744,8195,1852,207029,2018-07-01,0.03803142359616773
397,2018,3,Misiones,56290,50793,512,3910,560,108042,2018-07-01,0.009095754130396162
398,2018,3,Neuquén,46602,54129,998,12277,2712,116718,2018-07-01,0.021415389897429294
399,2018,3,Río Negro,68590,33474,1252,5051,5125,113492,2018-07-01,0.018253389706954365
400,2018,3,Salta,76600,53980,678,2340,1391,132883,2018-07-01,0.008851174934725849
401,2018,3,San Juan,54025,5838,826,2744,1048,64481,2018-07-01,0.015289217954650625
402,2018,3,San Luis,11096,7784,368,52859,2314,74421,2018-07-01,0.03316510454217736
403,2018,3,Santa Cruz,18606,4574,585,6238,3996,33999,2018-07-01,0.03144147049338923
404,2018,3,Santa Fe,339126,312866,11749,16337,15022,695100,2018-07-01,0.034644940228705554
405,2018,3,Santiago del Estero,25805,58789,23,1662,810,86360,2018-07-01,0.0008913001356326293
406,2018,3,Tierra del Fuego,19365,22649,1502,10,2047,45564,2018-07-01,0.07756261296152853
407,2018,3,Tucumán,161209,9280,110,2520,3150,171166,2018-07-01,0.0006823440378638909
408,2018,2,Buenos Aires,1450203,1807868,143626,71256,27746,3500699,2018-04-01,0.09903854839632796
409,2018,2,Ciudad de Buenos Aires,342431,977916,35610,3908,9321,1369186,2018-04-01,0.10399175308310288
410,2018,2,Catamarca,27444,4415,15,10,2214,34089,2018-04-01,0.0005465675557498906
411,2018,2,Chaco,54134,40750,562,1946,1129,98521,2018-04-01,0.010381645546237115
412,2018,2,Chubut,58935,19591,1239,1407,6729,100564,2018-04-01,0.021023161109697125
413,2018,2,Córdoba,345141,327636,13832,16355,10109,713073,2018-04-01,0.04007637458314138
414,2018,2,Corrientes,56541,39715,201,1468,320,97957,2018-04-01,0.003554942431156152
415,2018,2,Entre Ríos,104811,80376,2405,12313,800,199985,2018-04-01,0.022946064821440498
416,2018,2,Formosa,23543,7311,18,13625,570,44554,2018-04-01,0.0007645584674850274
417,2018,2,Jujuy,33571,10856,23,6400,430,45133,2018-04-01,0.0006851151291293081
418,2018,2,La Pampa,12416,53587,8420,7011,9870,82421,2018-04-01,0.6781572164948454
419,2018,2,La Rioja,16663,34984,13,2530,350,51948,2018-04-01,0.0007801716377603073
420,2018,2,Mendoza,152938,36872,3084,6206,1852,200952,2018-04-01,0.02016503419686409
421,2018,2,Misiones,57265,47923,512,3910,560,106147,2018-04-01,0.008940888850082948
422,2018,2,Neuquén,46633,52855,998,12649,2713,115848,2018-04-01,0.021401153689447387
423,2018,2,Río Negro,68667,32795,1252,4396,5125,112235,2018-04-01,0.018232921199411653
424,2018,2,Salta,78386,53478,678,2340,1391,134167,2018-04-01,0.008649503737912382
425,2018,2,San Juan,54080,5068,826,3079,1048,64101,2018-04-01,0.015273668639053254
426,2018,2,San Luis,11104,7666,368,160,2314,21468,2018-04-01,0.03314121037463977
427,2018,2,Santa Cruz,18615,4474,585,6734,3997,34405,2018-04-01,0.031426269137792104
428,2018,2,Santa Fe,337934,304349,11354,15801,15114,684552,2018-04-01,0.03359827658655241
429,2018,2,Santiago del Estero,26074,55935,23,1662,810,83775,2018-04-01,0.0008821047787067577
430,2018,2,Tierra del Fuego,19372,22756,531,10,2047,44707,2018-04-01,0.02741069584967995
431,2018,2,Tucumán,160315,8965,110,2520,3150,169957,2018-04-01,0.000686149143873
432,2018,1,Buenos Aires,1452061,1793884,133928,64379,31194,3475446,2018-01-01,0.09223303979653748
433,2018,1,Ciudad de Buenos Aires,349995,968483,35535,3164,9393,1366570,2018-01-01,0.1015300218574551
434,2018,1,Catamarca,27300,4415,15,10,2214,33945,2018-01-01,0.0005494505494505495
435,2018,1,Chaco,54879,40157,383,3880,113,96937,2018-01-01,0.006978990141948651
436,2018,1,Chubut,56375,19591,1194,1407,6729,97959,2018-01-01,0.02117960088691796
437,2018,1,Córdoba,349342,326894,13178,13237,11275,713926,2018-01-01,0.03772234658300462
438,2018,1,Corrientes,56937,35225,888,1334,330,94417,2018-01-01,0.015596185257389747
439,2018,1,Entre Ríos,106998,75751,3789,10776,800,197394,2018-01-01,0.035411876857511355
440,2018,1,Formosa,23556,7095,17,1603,570,32328,2018-01-01,0.0007216844965189336
441,2018,1,Jujuy,33856,10456,23,280,430,44406,2018-01-01,0.0006793478260869565
442,2018,1,La Pampa,10807,51389,8386,10556,1926,83064,2018-01-01,0.7759785324326826
443,2018,1,La Rioja,16960,34984,13,2530,350,52245,2018-01-01,0.0007665094339622642
444,2018,1,Mendoza,152931,36872,3086,6206,1852,200947,2018-01-01,0.020179034989635847
445,2018,1,Misiones,56311,46880,328,50,560,103580,2018-01-01,0.005824794445135053
446,2018,1,Neuquén,46714,55072,1000,12404,2713,117903,2018-01-01,0.02140685875754592
447,2018,1,Río Negro,68769,31712,1251,4259,5128,111119,2018-01-01,0.018191336212537625
448,2018,1,Salta,79936,51534,118,2040,1391,133183,2018-01-01,0.0014761809447558047
449,2018,1,San Juan,54080,5068,826,2246,1048,63268,2018-01-01,0.015273668639053254
450,2018,1,San Luis,11104,7594,368,160,2314,21396,2018-01-01,0.03314121037463977
451,2018,1,Santa Cruz,18615,4474,1799,6734,2783,34405,2018-01-01,0.09664249261348375
452,2018,1,Santa Fe,341997,300421,10674,11636,15298,680026,2018-01-01,0.031210800094737673
453,2018,1,Santiago del Estero,26788,54594,23,1432,810,82918,2018-01-01,0.0008585934000298641
454,2018,1,Tierra del Fuego,19372,9663,531,10,2047,31614,2018-01-01,0.02741069584967995
455,2018,1,Tucumán,158611,8921,107,3680,500,168057,2018-01-01,0.0006746064270447825
456,2017,4,Buenos Aires,1241172,1718013,131181,60082,31448,3181896,2017-10-01,0.10569123376937282
457,2017,4,Ciudad de Buenos Aires,571363,961688,36277,3119,9877,1582324,2017-10-01,0.06349203571109785
458,2017,4,Catamarca,27083,263,11,10,22,29558,2017-10-01,0.00040615884503193884
459,2017,4,Chaco,55035,39690,389,3800,1121,96615,2017-10-01,0.007068229308621786
460,2017,4,Chubut,56378,15097,1187,1407,6708,93440,2017-10-01,0.021054311965660363
461,2017,4,Córdoba,349710,324709,12778,12043,10739,709979,2017-10-01,0.03653884647279174
462,2017,4,Corrientes,56786,34722,894,1334,350,93771,2017-10-01,0.015743317014757157
463,2017,4,Entre Ríos,107764,73692,1894,10267,860,193703,2017-10-01,0.017575442633903714
464,2017,4,Formosa,23410,6973,19,1603,510,32056,2017-10-01,0.0008116189662537377
465,2017,4,Jujuy,33844,9626,20,280,340,43552,2017-10-01,0.0005909466966079659
466,2017,4,La Pampa,10808,50495,8272,10569,1927,82071,2017-10-01,0.765358993338268
467,2017,4,La Rioja,16912,34984,14,2530,310,52194,2017-10-01,0.0008278145695364238
468,2017,4,Mendoza,152896,16114,3015,6206,192,180151,2017-10-01,0.019719286312264547
469,2017,4,Misiones,56271,47470,95,50,540,103895,2017-10-01,0.0016882586056761032
470,2017,4,Neuquén,46739,54119,1017,12404,2692,116971,2017-10-01,0.021759130490596718
471,2017,4,Río Negro,68690,30451,1250,4259,5114,109764,2017-10-01,0.01819769981074392
472,2017,4,Salta,80705,50446,127,1580,1376,132812,2017-10-01,0.0015736323647853293
473,2017,4,San Juan,54079,451,812,2246,1036,58624,2017-10-01,0.015015070544943509
474,2017,4,San Luis,11104,1119,335,170,2329,14904,2017-10-01,0.0301693083573487
475,2017,4,Santa Cruz,18614,1668,582,4638,395,29452,2017-10-01,0.0312667884388095
476,2017,4,Santa Fe,341680,293831,10602,10965,15382,672460,2017-10-01,0.031029033013345822
477,2017,4,Santiago del Estero,27313,40407,19,1025,800,68844,2017-10-01,0.0006956394390949365
478,2017,4,Tierra del Fuego,19372,6906,530,10,2045,28854,2017-10-01,0.027359074953541195
479,2017,4,Tucumán,156583,5223,105,1020,3190,162332,2017-10-01,0.0006705708793419465
480,2017,3,Buenos Aires,1288025,1571180,124920,35058,38777,3057960,2017-07-01,0.09698569515343258
481,2017,3,Ciudad de Buenos Aires,583249,941092,33481,2814,9723,1570359,2017-07-01,0.057404299021515684
482,2017,3,Catamarca,26873,4411,12,10,2181,33478,2017-07-01,0.00044654485915230903
483,2017,3,Chaco,54888,37307,456,360,1072,93759,2017-07-01,0.008307826847398338
484,2017,3,Chubut,56359,5645,1217,13503,682,83544,2017-07-01,0.021593711740804485
485,2017,3,Córdoba,344580,319360,10579,7137,14988,696644,2017-07-01,0.03070114342097626
486,2017,3,Corrientes,56247,33993,947,1334,270,92548,2017-07-01,0.016836453499742207
487,2017,3,Entre Ríos,107774,69596,1786,6245,630,185464,2017-07-01,0.016571714884851634
488,2017,3,Formosa,22647,6816,428,2202,120,32105,2017-07-01,0.01889875038636464
489,2017,3,Jujuy,33796,9395,20,230,80,43242,2017-07-01,0.0005917860101787194
490,2017,3,La Pampa,11378,49679,5153,11536,1944,79690,2017-07-01,0.45289154508701
491,2017,3,La Rioja,16638,34984,14,2520,250,51913,2017-07-01,0.0008414472893376608
492,2017,3,Mendoza,154036,33788,2772,290,1866,192491,2017-07-01,0.017995793191202057
493,2017,3,Misiones,56472,43880,110,50,90,100476,2017-07-01,0.0019478679699674174
494,2017,3,Neuquén,48001,52468,1044,11576,2695,115784,2017-07-01,0.02174954688443991
495,2017,3,Río Negro,69301,30018,1106,3054,4017,107496,2017-07-01,0.015959365665719108
496,2017,3,Salta,80782,50284,127,1580,1167,132518,2017-07-01,0.0015721324057339507
497,2017,3,San Juan,54499,5068,816,1053,1013,62449,2017-07-01,0.014972751793610892
498,2017,3,San Luis,11407,7576,347,260,2363,21719,2017-07-01,0.030419917594459542
499,2017,3,Santa Cruz,19220,5487,1544,4552,2887,33690,2017-07-01,0.08033298647242455
500,2017,3,Santa Fe,322953,290655,6338,4897,37499,662342,2017-07-01,0.01962514669317207
501,2017,3,Santiago del Estero,27733,54096,19,9110,350,82794,2017-07-01,0.0006851043882738975
502,2017,3,Tierra del Fuego,21587,7012,622,10,2244,31466,2017-07-01,0.028813637837587436
503,2017,3,Tucumán,154130,6431,106,400,3050,161012,2017-07-01,0.0006877311360539804
504,2017,2,Buenos Aires,1378549,1535037,119132,21555,24358,3078631,2017-04-01,0.0864184007967798
505,2017,2,Ciudad de Buenos Aires,615262,932466,38628,2819,11016,1600191,2017-04-01,0.0627830095146458
506,2017,2,Catamarca,26401,255,14,10,340,26705,2017-04-01,0.0005302829438278853
507,2017,2,Chaco,54449,35613,458,520,390,90611,2017-04-01,0.00841154107513453
508,2017,2,Chubut,43994,1067,916,13194,4804,63975,2017-04-01,0.02082102104832477
509,2017,2,Córdoba,341748,303488,4451,6446,1505,657638,2017-04-01,0.013024216674274612
510,2017,2,Corrientes,55262,33192,258,1354,310,90097,2017-04-01,0.00466866924830806
511,2017,2,Entre Ríos,108309,67650,254,6448,710,182732,2017-04-01,0.002345142139619053
512,2017,2,Formosa,22493,6410,17,1023,130,29956,2017-04-01,0.0007557906904370248
513,2017,2,Jujuy,33742,8858,22,0,350,42657,2017-04-01,0.0006520064015173967
514,2017,2,La Pampa,12754,48310,5194,6253,5110,73022,2017-04-01,0.407244785949506
515,2017,2,La Rioja,16244,0,15,20,280,16289,2017-04-01,0.0009234178773701059
516,2017,2,Mendoza,153331,13030,2581,270,1784,170753,2017-04-01,0.016832864847943337
517,2017,2,Misiones,56752,42925,103,50,90,99794,2017-04-01,0.0018149140118409923
518,2017,2,Neuquén,51794,50283,1133,11545,2678,117433,2017-04-01,0.021875120670347917
519,2017,2,Río Negro,67038,29147,961,3213,126,101619,2017-04-01,0.014335153196694412
520,2017,2,Salta,80184,27280,115,1580,8040,108541,2017-04-01,0.0014342013369250722
521,2017,2,San Juan,48670,451,772,1073,9150,51881,2017-04-01,0.015861927265255805
522,2017,2,San Luis,11432,1120,354,260,3750,13307,2017-04-01,0.030965710286913927
523,2017,2,Santa Cruz,15311,2722,1365,4735,2255,26388,2017-04-01,0.08915159035987198
524,2017,2,Santa Fe,329813,228102,3234,4958,1173,567280,2017-04-01,0.009805556482006471
525,2017,2,Santiago del Estero,28337,3900,19,9110,290,33196,2017-04-01,0.0006705014645163567
526,2017,2,Tierra del Fuego,22636,6905,665,10,235,32557,2017-04-01,0.029377981975614066
527,2017,2,Tucumán,149013,5223,116,140,450,154411,2017-04-01,0.0007784555709904505
528,2017,1,Buenos Aires,1559178,1465817,118839,212,24342,3189376,2017-01-01,0.07621900770790763
529,2017,1,Ciudad de Buenos Aires,428801,918328,38259,273,10928,1399046,2017-01-01,0.08922320610259771
530,2017,1,Catamarca,26020,248,14,10,340,26317,2017-01-01,0.0005380476556495003
531,2017,1,Chaco,54430,34277,252,520,390,89050,2017-01-01,0.004629799742788903
532,2017,1,Chubut,43994,999,916,13194,4793,63896,2017-01-01,0.02082102104832477
533,2017,1,Córdoba,335673,293479,4871,5782,1394,641199,2017-01-01,0.014511146264370384
534,2017,1,Corrientes,54993,31994,236,1354,310,88608,2017-01-01,0.004291455276126052
535,2017,1,Entre Ríos,108509,65095,230,6448,710,180353,2017-01-01,0.002119639845542766
536,2017,1,Formosa,22438,6215,16,1023,130,29705,2017-01-01,0.0007130760317318834
537,2017,1,Jujuy,33869,9278,22,0,340,43203,2017-01-01,0.0006495615459564793
538,2017,1,La Pampa,12754,47195,5194,6253,5170,71913,2017-01-01,0.407244785949506
539,2017,1,La Rioja,16180,0,15,20,280,16225,2017-01-01,0.000927070457354759
540,2017,1,Mendoza,153326,13030,2581,270,1769,170733,2017-01-01,0.016833413771963006
541,2017,1,Misiones,57363,40142,101,50,80,97619,2017-01-01,0.0017607168383801405
542,2017,1,Neuquén,51771,48109,1124,11665,267,115339,2017-01-01,0.021710996503834193
543,2017,1,Río Negro,67075,28785,954,3213,1261,101288,2017-01-01,0.014222884830413717
544,2017,1,Salta,79837,26845,114,1580,6790,107633,2017-01-01,0.0014279093653318637
545,2017,1,San Juan,48670,451,772,1073,9070,51873,2017-01-01,0.015861927265255805
546,2017,1,San Luis,11432,1120,354,260,3750,13307,2017-01-01,0.030965710286913927
547,2017,1,Santa Cruz,15502,2722,1272,4733,2257,26486,2017-01-01,0.08205392852535157
548,2017,1,Santa Fe,327458,226094,3210,4948,1172,562882,2017-01-01,0.009802783868465574
549,2017,1,Santiago del Estero,29616,3900,19,9110,290,34475,2017-01-01,0.0006415451107509454
550,2017,1,Tierra del Fuego,22636,6905,665,10,235,32557,2017-01-01,0.029377981975614066
551,2017,1,Tucumán,147373,5223,116,140,450,152771,2017-01-01,0.0007871184002497065
552,2016,4,Buenos Aires,1563542,1414676,118747,21394,24342,3142701,2016-10-01,0.07594743217643019
553,2016,4,Ciudad de Buenos Aires,434835,914952,38161,2583,10928,1401459,2016-10-01,0.08775972495314315
554,2016,4,Catamarca,26735,250,14,10,340,27034,2016-10-01,0.0005236581260519917
555,2016,4,Chaco,54974,33534,248,520,390,88847,2016-10-01,0.004511223487466802
556,2016,4,Chubut,43994,955,916,13107,4793,63765,2016-10-01,0.02082102104832477
557,2016,4,Córdoba,337368,289344,3368,5686,7890,636555,2016-10-01,0.009983163785539826
558,2016,4,Corrientes,54981,31497,233,1354,310,88096,2016-10-01,0.0042378276131754605
559,2016,4,Entre Ríos,109359,64141,226,6448,710,180245,2016-10-01,0.0020665880265913184
560,2016,4,Formosa,22400,6061,16,1023,130,29513,2016-10-01,0.0007142857142857143
561,2016,4,Jujuy,33838,8731,22,0,340,42625,2016-10-01,0.0006501566286423548
562,2016,4,La Pampa,12754,47245,5054,6253,5220,71828,2016-10-01,0.39626783754116357
563,2016,4,La Rioja,16270,0,16,20,280,16316,2016-10-01,0.0009834050399508297
564,2016,4,Mendoza,153320,13030,2579,270,1769,170725,2016-10-01,0.01682102791547091
565,2016,4,Misiones,57983,39294,100,50,80,97390,2016-10-01,0.0017246434299708535
566,2016,4,Neuquén,51742,46389,1124,1191,267,113835,2016-10-01,0.021723164933709557
567,2016,4,Río Negro,67057,28474,954,3274,1261,101020,2016-10-01,0.014226702655949415
568,2016,4,Salta,79389,26657,110,1580,6210,106935,2016-10-01,0.0013855823854690196
569,2016,4,San Juan,48670,451,772,1121,9070,51921,2016-10-01,0.015861927265255805
570,2016,4,San Luis,11432,1120,354,260,3750,13307,2016-10-01,0.030965710286913927
571,2016,4,Santa Cruz,15607,2722,1055,4823,2257,26464,2016-10-01,0.06759787274940732
572,2016,4,Santa Fe,326721,225792,3201,4946,1172,561832,2016-10-01,0.00979735003259662
573,2016,4,Santiago del Estero,30192,3900,19,9110,290,35051,2016-10-01,0.0006293057763645999
574,2016,4,Tierra del Fuego,22636,6905,665,10,235,32557,2016-10-01,0.029377981975614066
575,2016,4,Tucumán,146995,4482,116,140,450,151652,2016-10-01,0.0007891424878397224
576,2016,3,Buenos Aires,1574216,1355770,113463,18867,24276,3086592,2016-07-01,0.07207587777026786
577,2016,3,Ciudad de Buenos Aires,447726,905105,36796,2514,10963,1403104,2016-07-01,0.08218419301090399
578,2016,3,Catamarca,26689,248,14,10,180,26970,2016-07-01,0.0005245606804301397
579,2016,3,Chaco,56251,32730,232,20,150,89230,2016-07-01,0.004124371122291159
580,2016,3,Chubut,43987,935,916,13364,475,63952,2016-07-01,0.020824334462454817
581,2016,3,Córdoba,348481,285480,2540,5695,3950,642591,2016-07-01,0.007288776145614825
582,2016,3,Corrientes,55934,30813,217,1354,220,88340,2016-07-01,0.0038795723531304754
583,2016,3,Entre Ríos,112588,61850,206,6441,640,181149,2016-07-01,0.0018296798948378157
584,2016,3,Formosa,21800,5905,9,0,20,27716,2016-07-01,0.0004128440366972477
585,2016,3,Jujuy,34250,8236,22,0,300,42538,2016-07-01,0.0006423357664233577
586,2016,3,La Pampa,12751,45952,4910,6236,5150,70364,2016-07-01,0.38506783781664183
587,2016,3,La Rioja,16891,0,15,20,220,16930,2016-07-01,0.0008880468888757326
588,2016,3,Mendoza,153233,13030,2576,280,1757,170624,2016-07-01,0.01681100024146235
589,2016,3,Misiones,59776,38130,79,50,70,97997,2016-07-01,0.001321600642398287
590,2016,3,Neuquén,51752,44739,1093,12402,2617,112603,2016-07-01,0.02111995671664863
591,2016,3,Río Negro,67043,28496,942,3293,1252,101026,2016-07-01,0.014050683889444087
592,2016,3,Salta,80866,26113,90,1570,5650,107791,2016-07-01,0.0011129522914451067
593,2016,3,San Juan,48670,451,770,1174,9030,51968,2016-07-01,0.015820834189439078
594,2016,3,San Luis,11432,1113,354,230,3710,13293,2016-07-01,0.030965710286913927
595,2016,3,Santa Cruz,15570,2722,817,4978,217,26257,2016-07-01,0.052472703917790624
596,2016,3,Santa Fe,334911,223011,3037,4862,119,567011,2016-07-01,0.009068080773698087
597,2016,3,Santiago del Estero,31730,3900,19,30,80,35660,2016-07-01,0.0005988023952095808
598,2016,3,Tierra del Fuego,22636,6276,665,10,2347,31925,2016-07-01,0.029377981975614066
599,2016,3,Tucumán,147259,3850,116,530,410,151319,2016-07-01,0.0007877277449935148
600,2016,2,Buenos Aires,1579448,1305949,113070,21163,25661,3045291,2016-04-01,0.0715883017357963
601,2016,2,Ciudad de Buenos Aires,450644,892209,36669,239,12672,1394584,2016-04-01,0.08137021684522594
602,2016,2,Catamarca,26262,245,14,10,340,26556,2016-04-01,0.0005330896352143782
603,2016,2,Chaco,56112,31825,221,520,410,88251,2016-04-01,0.003938551468491589
604,2016,2,Chubut,43977,867,916,13293,4803,63856,2016-04-01,0.020829069741000978
605,2016,2,Córdoba,348891,277615,1709,561,1089,634914,2016-04-01,0.004898378003445202
606,2016,2,Corrientes,55511,29845,203,1354,430,86956,2016-04-01,0.0036569328601538434
607,2016,2,Entre Ríos,112809,58768,169,6434,1930,178373,2016-04-01,0.0014981074205072291
608,2016,2,Formosa,22101,5658,6,1023,140,28802,2016-04-01,0.00027148092846477533
609,2016,2,Jujuy,33758,7374,22,0,350,41189,2016-04-01,0.0006516973754369335
610,2016,2,La Pampa,12754,44654,4708,6225,5470,68888,2016-04-01,0.36913909361768854
611,2016,2,La Rioja,16691,0,15,20,280,16736,2016-04-01,0.000898687915643161
612,2016,2,Mendoza,153321,13030,2576,290,1868,170824,2016-04-01,0.016801351413048442
613,2016,2,Misiones,59573,36145,77,50,150,95815,2016-04-01,0.0012925318516777734
614,2016,2,Neuquén,51742,42370,1088,12466,2849,110515,2016-04-01,0.021027405202736656
615,2016,2,Río Negro,67031,28100,939,33,1334,100704,2016-04-01,0.014008443854336054
616,2016,2,Salta,79438,24719,85,1510,5390,104932,2016-04-01,0.001070016868501221
617,2016,2,San Juan,48670,451,770,1214,9080,52013,2016-04-01,0.015820834189439078
618,2016,2,San Luis,11432,1063,354,300,3770,13256,2016-04-01,0.030965710286913927
619,2016,2,Santa Cruz,15453,2722,396,4996,2586,26153,2016-04-01,0.0256260920209668
620,2016,2,Santa Fe,336244,219088,2981,4744,1417,564474,2016-04-01,0.00886558570561854
621,2016,2,Santiago del Estero,32101,3900,19,9110,300,36961,2016-04-01,0.0005918818728388523
622,2016,2,Tierra del Fuego,22636,5707,665,10,235,31359,2016-04-01,0.029377981975614066
623,2016,2,Tucumán,145486,2968,116,580,490,148677,2016-04-01,0.0007973275779112767
624,2016,1,Buenos Aires,1583560,1200859,111231,21108,25757,2942515,2016-01-01,0.07024110232640379
625,2016,1,Ciudad de Buenos Aires,454425,832126,36332,2284,12729,1337896,2016-01-01,0.0799515871706002
626,2016,1,Catamarca,26096,243,15,10,340,26389,2016-01-01,0.0005748007357449417
627,2016,1,Chaco,56353,29994,211,520,410,86651,2016-01-01,0.0037442549642432523
628,2016,1,Chubut,43967,834,916,1328,4803,63800,2016-01-01,0.02083380717356199
629,2016,1,Córdoba,350884,252346,674,5636,3860,609926,2016-01-01,0.001920862735262936
630,2016,1,Corrientes,55454,28491,192,1354,450,85536,2016-01-01,0.0034623291376636492
631,2016,1,Entre Ríos,113101,54948,146,6425,1930,174813,2016-01-01,0.0012908816014005182
632,2016,1,Formosa,21852,5420,5,1023,140,28314,2016-01-01,0.00022881200805418268
633,2016,1,Jujuy,33481,6751,22,0,350,40289,2016-01-01,0.0006570890953077865
634,2016,1,La Pampa,12754,41881,4536,6209,5490,65929,2016-01-01,0.3556531284302964
635,2016,1,La Rioja,16645,0,16,20,280,16691,2016-01-01,0.0009612496245118655
636,2016,1,Mendoza,153299,13030,2576,340,1871,170810,2016-01-01,0.016803762581621536
637,2016,1,Misiones,59538,33330,70,50,150,92958,2016-01-01,0.0011757197084215124
638,2016,1,Neuquén,51702,36122,1085,12502,285,104261,2016-01-01,0.02098564852423504
639,2016,1,Río Negro,66894,27312,937,3341,1338,99822,2016-01-01,0.014007235327533112
640,2016,1,Salta,78973,22741,73,1320,5070,102426,2016-01-01,0.0009243665556582629
641,2016,1,San Juan,48670,451,770,1195,9080,51994,2016-01-01,0.015820834189439078
642,2016,1,San Luis,11432,1042,354,270,3770,13232,2016-01-01,0.030965710286913927
643,2016,1,Santa Cruz,15654,2723,396,5088,2426,26287,2016-01-01,0.025297048677654272
644,2016,1,Santa Fe,338052,204816,3014,4686,1428,551996,2016-01-01,0.008915788103605363
645,2016,1,Santiago del Estero,32838,3900,19,9110,300,37698,2016-01-01,0.0005785979657713624
646,2016,1,Tierra del Fuego,22636,4834,665,10,235,30486,2016-01-01,0.029377981975614066
647,2016,1,Tucumán,144233,2165,116,740,490,146637,2016-01-01,0.0008042542275346141
648,2015,4,Buenos Aires,1586343,1223603,103269,20397,25773,2959385,2015-10-01,0.0650987838065286
649,2015,4,Ciudad de Buenos Aires,455427,879950,19818,2273,12758,1370226,2015-10-01,0.04351520660830385
650,2015,4,Catamarca,26180,242,15,10,340,26472,2015-10-01,0.0005729564553093965
651,2015,4,Chaco,56818,29456,186,520,410,86553,2015-10-01,0.0032736104755535216
652,2015,4,Chubut,43968,811,916,13521,4803,64019,2015-10-01,0.020833333333333332
653,2015,4,Córdoba,353530,266062,480,5613,3850,626070,2015-10-01,0.0013577348456990921
654,2015,4,Corrientes,55681,28178,177,1354,450,85435,2015-10-01,0.0031788222194285305
655,2015,4,Entre Ríos,113983,53411,122,6427,1940,174137,2015-10-01,0.0010703350499635912
656,2015,4,Formosa,21734,5314,4,1023,140,28089,2015-10-01,0.00018404343425048312
657,2015,4,Jujuy,32934,6933,22,0,350,39924,2015-10-01,0.0006680026720106881
658,2015,4,La Pampa,12755,42705,4327,6205,3740,66366,2015-10-01,0.33923951391611135
659,2015,4,La Rioja,16886,0,16,20,280,16932,2015-10-01,0.0009475304986379249
660,2015,4,Mendoza,153293,13030,2572,380,1874,170807,2015-10-01,0.01677832647283307
661,2015,4,Misiones,60252,32533,48,50,150,92853,2015-10-01,0.0007966540529774945
662,2015,4,Neuquén,51680,38902,1048,12934,2852,107416,2015-10-01,0.020278637770897834
663,2015,4,Río Negro,66851,27221,915,3407,1328,99722,2015-10-01,0.01368715501637971
664,2015,4,Salta,78744,22446,47,1290,5540,101920,2015-10-01,0.0005968708727014122
665,2015,4,San Juan,48670,451,770,123,9080,52029,2015-10-01,0.015820834189439078
666,2015,4,San Luis,11432,1025,354,300,3770,13218,2015-10-01,0.030965710286913927
667,2015,4,Santa Cruz,15614,2723,396,5261,2409,26403,2015-10-01,0.025361854745741003
668,2015,4,Santa Fe,339843,212911,2885,4596,1437,561672,2015-10-01,0.008489214137116256
669,2015,4,Santiago del Estero,33582,4365,19,1139,300,39135,2015-10-01,0.0005657792865225419
670,2015,4,Tierra del Fuego,22636,4301,665,10,235,29953,2015-10-01,0.029377981975614066
671,2015,4,Tucumán,144188,1653,116,880,500,146095,2015-10-01,0.0008045052292839903
672,2015,3,Buenos Aires,1585467,1183894,113590,19989,25825,2928765,2015-07-01,0.0716445060035939
673,2015,3,Ciudad de Buenos Aires,454815,871262,30974,2229,12788,1372068,2015-07-01,0.06810241526774623
674,2015,3,Catamarca,25801,242,15,10,340,26093,2015-07-01,0.0005813728150071703
675,2015,3,Chaco,56282,28809,186,520,410,85370,2015-07-01,0.0033047866102839272
676,2015,3,Chubut,43964,792,916,13408,4803,63883,2015-07-01,0.020835228823582932
677,2015,3,Córdoba,351692,264055,1450,5412,3890,622998,2015-07-01,0.004122925741842294
678,2015,3,Corrientes,55792,27604,176,134,470,84959,2015-07-01,0.0031545741324921135
679,2015,3,Entre Ríos,113909,51945,122,6261,1970,172434,2015-07-01,0.00107103038390294
680,2015,3,Formosa,21573,5264,2,8990,140,27752,2015-07-01,9.270847819033051e-05
681,2015,3,Jujuy,32598,6895,22,0,350,39550,2015-07-01,0.0006748880299404872
682,2015,3,La Pampa,12755,41886,4078,6195,5570,65471,2015-07-01,0.31971775774206196
683,2015,3,La Rioja,16725,0,16,20,280,16771,2015-07-01,0.0009566517189835576
684,2015,3,Mendoza,153299,13030,2572,420,188,170823,2015-07-01,0.01677766978258175
685,2015,3,Misiones,59921,31635,46,50,150,91622,2015-07-01,0.0007676774419652542
686,2015,3,Neuquén,47102,36620,1045,13051,2798,100616,2015-07-01,0.022185894441849603
687,2015,3,Río Negro,66806,27130,917,3415,1346,99614,2015-07-01,0.013726312007903481
688,2015,3,Salta,78064,21688,47,1290,6450,100573,2015-07-01,0.0006020700963312154
689,2015,3,San Juan,48670,451,770,1231,9080,52030,2015-07-01,0.015820834189439078
690,2015,3,San Luis,11432,1025,354,310,3770,13219,2015-07-01,0.030965710286913927
691,2015,3,Santa Cruz,15540,2718,396,5226,2391,26271,2015-07-01,0.025482625482625483
692,2015,3,Santa Fe,337042,209673,4169,4426,1428,556738,2015-07-01,0.012369378297066835
693,2015,3,Santiago del Estero,33886,4365,19,1097,300,39397,2015-07-01,0.0005607035353833442
694,2015,3,Tierra del Fuego,22636,8085,665,10,235,33737,2015-07-01,0.029377981975614066
695,2015,3,Tucumán,142925,1135,116,880,500,144314,2015-07-01,0.0008116144831205178
696,2015,2,Buenos Aires,1581770,1141052,115660,19268,2604,2883790,2015-04-01,0.07312061804181391
697,2015,2,Ciudad de Buenos Aires,453178,858342,19786,2172,12806,1346284,2015-04-01,0.04366054839378787
698,2015,2,Catamarca,25387,242,15,10,340,25679,2015-04-01,0.0005908535864812699
699,2015,2,Chaco,55767,27809,179,520,410,83848,2015-04-01,0.003209783563756343
700,2015,2,Chubut,43949,762,916,13055,4803,63485,2015-04-01,0.020842339984982593
701,2015,2,Córdoba,348130,255596,435,5199,3860,609746,2015-04-01,0.0012495332203487203
702,2015,2,Corrientes,55238,26553,157,1321,470,83316,2015-04-01,0.002842246279734965
703,2015,2,Entre Ríos,113378,49767,119,6031,1970,169492,2015-04-01,0.0010495863395014906
704,2015,2,Formosa,21097,5164,2,7370,500,27050,2015-04-01,9.480020856045883e-05
705,2015,2,Jujuy,32183,5482,22,0,350,37722,2015-04-01,0.00068359071559519
706,2015,2,La Pampa,12756,40825,3719,619,5620,64052,2015-04-01,0.2915490749451239
707,2015,2,La Rioja,16463,0,16,20,280,16509,2015-04-01,0.0009718763287371682
708,2015,2,Mendoza,153301,13030,2572,380,1882,170823,2015-04-01,0.01677745089725442
709,2015,2,Misiones,59179,29283,37,50,150,88519,2015-04-01,0.0006252217847547272
710,2015,2,Neuquén,47078,34183,1044,12781,2799,97885,2015-04-01,0.022175963294957305
711,2015,2,Río Negro,66738,26268,916,3457,1348,98727,2015-04-01,0.0137253139141119
712,2015,2,Salta,77214,20297,47,1290,5800,98267,2015-04-01,0.0006086979045250861
713,2015,2,San Juan,48670,451,770,1189,9080,51988,2015-04-01,0.015820834189439078
714,2015,2,San Luis,11432,1025,354,330,3770,13221,2015-04-01,0.030965710286913927
715,2015,2,Santa Cruz,15343,2707,396,4917,24,25763,2015-04-01,0.025809815551065634
716,2015,2,Santa Fe,333117,204685,2877,432,1389,546388,2015-04-01,0.008636605156746729
717,2015,2,Santiago del Estero,33873,4365,19,1091,300,39378,2015-04-01,0.0005609187258288313
718,2015,2,Tierra del Fuego,22636,7927,665,10,235,33579,2015-04-01,0.029377981975614066
719,2015,2,Tucumán,139944,479,116,880,500,140677,2015-04-01,0.0008289029897673355
720,2015,1,Buenos Aires,1583135,1096836,134177,18754,2894,2861842,2015-01-01,0.0847539849728545
721,2015,1,Ciudad de Buenos Aires,454934,841743,19334,1994,14716,1332721,2015-01-01,0.04249847230587294
722,2015,1,Catamarca,25033,241,16,10,410,25332,2015-01-01,0.0006391563136659609
723,2015,1,Chaco,54952,26161,164,270,560,81360,2015-01-01,0.002984422768962003
724,2015,1,Chubut,45645,717,906,1254,5465,65273,2015-01-01,0.019848833388103844
725,2015,1,Córdoba,343883,247564,415,4645,4500,596957,2015-01-01,0.001206805803136532
726,2015,1,Corrientes,54649,25372,129,1319,620,81531,2015-01-01,0.0023605189481966733
727,2015,1,Entre Ríos,112363,47411,108,5943,2450,166070,2015-01-01,0.0009611704920658936
728,2015,1,Formosa,21022,4951,1,6700,560,26700,2015-01-01,4.756921320521359e-05
729,2015,1,Jujuy,31505,5048,22,0,360,36611,2015-01-01,0.0006983018568481194
730,2015,1,La Pampa,13143,39571,3215,6164,6040,62697,2015-01-01,0.2446169063379746
731,2015,1,La Rioja,16282,0,16,20,330,16333,2015-01-01,0.000982680260410269
732,2015,1,Mendoza,152433,13030,2542,290,2126,170160,2015-01-01,0.016676179042595763
733,2015,1,Misiones,58262,26836,30,50,130,85146,2015-01-01,0.0005149153822388521
734,2015,1,Neuquén,47518,32152,1024,12088,296,95742,2015-01-01,0.021549728523927773
735,2015,1,Río Negro,66274,25217,907,3473,1462,97333,2015-01-01,0.013685608232489363
736,2015,1,Salta,76280,19781,47,1290,5740,96811,2015-01-01,0.0006161510225485055
737,2015,1,San Juan,48441,451,755,1165,1007,51819,2015-01-01,0.015585970562127124
738,2015,1,San Luis,11414,1025,351,300,4120,13232,2015-01-01,0.030751708428246014
739,2015,1,Santa Cruz,16215,2700,392,4772,2562,26641,2015-01-01,0.024175146469318533
740,2015,1,Santa Fe,328809,199037,2845,4239,1507,536437,2015-01-01,0.008652439562177434
741,2015,1,Santiago del Estero,33813,4365,19,102,350,39252,2015-01-01,0.0005619140567237453
742,2015,1,Tierra del Fuego,22291,7924,657,10,2583,33456,2015-01-01,0.02947377865506258
743,2015,1,Tucumán,137857,115,116,880,1000,138276,2015-01-01,0.0008414516491726935
744,2014,4,Buenos Aires,1575978,1070135,120528,17728,32038,2816407,2014-10-01,0.07647822494984068
745,2014,4,Ciudad de Buenos Aires,455785,840224,17155,1962,15394,1330520,2014-10-01,0.03763836019175708
746,2014,4,Catamarca,25192,241,16,0,440,25493,2014-10-01,0.0006351222610352493
747,2014,4,Chaco,55024,10918,31,0,620,66035,2014-10-01,0.0005633905205001454
748,2014,4,Chubut,48539,697,891,12256,6159,68542,2014-10-01,0.0183563732256536
749,2014,4,Córdoba,345157,240452,419,3918,4860,590432,2014-10-01,0.00121394032280962
750,2014,4,Corrientes,54754,9526,40,1315,750,65710,2014-10-01,0.0007305402345034153
751,2014,4,Entre Ríos,112291,23027,57,5178,2600,140813,2014-10-01,0.0005076096926735001
752,2014,4,Formosa,21245,4896,1,0,650,26207,2014-10-01,4.706989879971758e-05
753,2014,4,Jujuy,31349,4583,22,370,110,36002,2014-10-01,0.0007017767711888736
754,2014,4,La Pampa,16043,34281,514,5894,6480,57380,2014-10-01,0.0320388954684286
755,2014,4,La Rioja,16352,0,17,0,330,16402,2014-10-01,0.0010396281800391389
756,2014,4,Mendoza,151797,13030,2534,310,2222,169614,2014-10-01,0.016693347035843922
757,2014,4,Misiones,58435,18613,16,1500,150,77229,2014-10-01,0.00027380850517669204
758,2014,4,Neuquén,47721,31778,1014,11853,303,95396,2014-10-01,0.02124850694662727
759,2014,4,Río Negro,66307,23703,901,3819,153,96260,2014-10-01,0.013588308926659328
760,2014,4,Salta,76026,17289,48,60,5780,93947,2014-10-01,0.0006313629547786283
761,2014,4,San Juan,48653,451,740,1202,1073,52119,2014-10-01,0.015209750683411094
762,2014,4,San Luis,11419,926,355,240,4230,13147,2014-10-01,0.03108853664944391
763,2014,4,Santa Cruz,17553,448,388,4395,2929,25713,2014-10-01,0.022104483564063124
764,2014,4,Santa Fe,335267,183009,3205,6282,1634,529397,2014-10-01,0.00955954507899674
765,2014,4,Santiago del Estero,34110,4231,19,9200,370,39317,2014-10-01,0.0005570214013485782
766,2014,4,Tierra del Fuego,21948,3664,655,10,2722,28990,2014-10-01,0.029843265901221067
767,2014,4,Tucumán,137093,97,116,130,1050,137424,2014-10-01,0.0008461409408211944
768,2014,3,Buenos Aires,1562533,1110628,124474,20049,31881,2849565,2014-07-01,0.07966167754537024
769,2014,3,Ciudad de Buenos Aires,450155,833402,17886,1995,14387,1317825,2014-07-01,0.03973298086214748
770,2014,3,Catamarca,24380,244,15,0,470,24686,2014-07-01,0.0006152584085315833
771,2014,3,Chaco,53321,10336,29,10,590,63746,2014-07-01,0.0005438757712721067
772,2014,3,Chubut,49219,668,882,11853,6515,69137,2014-07-01,0.017919908978240112
773,2014,3,Córdoba,340212,240334,444,4064,3770,585431,2014-07-01,0.0013050686042820358
774,2014,3,Corrientes,52957,9184,31,1312,650,63549,2014-07-01,0.0005853805918008951
775,2014,3,Entre Ríos,108907,22440,48,5203,1350,136733,2014-07-01,0.00044074301927332497
776,2014,3,Formosa,21021,4836,0,0,800,25937,2014-07-01,0.0
777,2014,3,Jujuy,30128,3541,22,370,130,33741,2014-07-01,0.0007302177376526819
778,2014,3,La Pampa,16051,33940,538,11219,6770,62425,2014-07-01,0.033518160862251574
779,2014,3,La Rioja,15864,0,14,10,370,15916,2014-07-01,0.0008825012607160867
780,2014,3,Mendoza,150120,13030,2512,400,2222,167924,2014-07-01,0.01673328004263256
781,2014,3,Misiones,56933,18373,4,30,140,75327,2014-07-01,7.025802258795426e-05
782,2014,3,Neuquén,54458,30964,1000,12858,3087,102367,2014-07-01,0.018362774982555365
783,2014,3,Río Negro,65264,26590,888,3533,1505,97780,2014-07-01,0.013606276048050992
784,2014,3,Salta,73828,18394,43,1090,5800,92954,2014-07-01,0.0005824348485669394
785,2014,3,San Juan,48272,451,731,1199,1126,51779,2014-07-01,0.015143354325488896
786,2014,3,San Luis,11303,925,355,250,4380,13046,2014-07-01,0.03140759090506945
787,2014,3,Santa Cruz,17862,492,385,4273,3098,26110,2014-07-01,0.02155413727466129
788,2014,3,Santa Fe,325577,183630,4407,654,7330,520887,2014-07-01,0.013535968449859787
789,2014,3,Santiago del Estero,32820,3900,19,7680,410,37548,2014-07-01,0.0005789152955514929
790,2014,3,Tierra del Fuego,21840,3469,650,10,2832,28792,2014-07-01,0.02976190476190476
791,2014,3,Tucumán,131739,97,117,130,1000,132066,2014-07-01,0.0008881196912076151
792,2014,2,Buenos Aires,1568881,1025490,120008,1702,33147,2764546,2014-04-01,0.0764927359054001
793,2014,2,Ciudad de Buenos Aires,447637,828411,17729,1883,14555,1310215,2014-04-01,0.03960575198207476
794,2014,2,Catamarca,24380,243,17,0,430,24683,2014-04-01,0.000697292863002461
795,2014,2,Chaco,53321,9870,30,0,580,63279,2014-04-01,0.0005626301082125242
796,2014,2,Chubut,51070,649,866,1096,6974,70519,2014-04-01,0.01695711768161347
797,2014,2,Córdoba,337825,234729,351,3673,3740,576952,2014-04-01,0.0010389994819803153
798,2014,2,Corrientes,52883,8680,31,1309,550,62958,2014-04-01,0.0005861997239188397
799,2014,2,Entre Ríos,108900,21706,49,4795,1330,135583,2014-04-01,0.0004499540863177227
800,2014,2,Formosa,20894,4628,0,0,780,25600,2014-04-01,0.0
801,2014,2,Jujuy,30128,4161,23,400,90,34361,2014-04-01,0.000763409453000531
802,2014,2,La Pampa,15957,32600,513,5869,6890,55628,2014-04-01,0.032148900169204735
803,2014,2,La Rioja,15864,0,14,0,340,15912,2014-04-01,0.0008825012607160867
804,2014,2,Mendoza,148979,13030,2480,360,2282,166807,2014-04-01,0.016646641472959276
805,2014,2,Misiones,56933,17594,4,1500,80,74689,2014-04-01,7.025802258795426e-05
806,2014,2,Neuquén,47767,29776,997,10765,2983,92288,2014-04-01,0.02087215022923776
807,2014,2,Río Negro,64920,24944,876,3657,156,95957,2014-04-01,0.013493530499075786
808,2014,2,Salta,73841,17504,45,70,5770,91974,2014-04-01,0.0006094175322652727
809,2014,2,San Juan,48161,451,722,1139,1173,51646,2014-04-01,0.014991383069288428
810,2014,2,San Luis,11306,925,354,220,4480,13055,2014-04-01,0.0313108084203078
811,2014,2,Santa Cruz,18956,448,381,4118,3266,27169,2014-04-01,0.02009917704156995
812,2014,2,Santa Fe,324101,178495,3085,6041,6360,512358,2014-04-01,0.009518637708615524
813,2014,2,Santiago del Estero,32820,4231,19,9070,340,38011,2014-04-01,0.0005789152955514929
814,2014,2,Tierra del Fuego,21618,3008,648,10,2934,28209,2014-04-01,0.02997502081598668
815,2014,2,Tucumán,131740,97,121,130,980,132069,2014-04-01,0.0009184757856383787
816,2014,1,Buenos Aires,1567685,1000879,120960,16528,33824,2739876,2014-01-01,0.0771583577057891
817,2014,1,Ciudad de Buenos Aires,445569,820161,17767,1866,14555,1299918,2014-01-01,0.03987485664397658
818,2014,1,Catamarca,24126,46,17,0,430,24232,2014-01-01,0.0007046340048080909
819,2014,1,Chaco,52971,9497,30,0,580,62556,2014-01-01,0.0005663476241717166
820,2014,1,Chubut,51066,539,866,10776,6974,70221,2014-01-01,0.016958445932714526
821,2014,1,Córdoba,336841,225769,347,3585,3680,566910,2014-01-01,0.0010301596302112867
822,2014,1,Corrientes,52565,8279,31,1306,550,62236,2014-01-01,0.0005897460287263388
823,2014,1,Entre Ríos,107883,21379,49,4887,1330,134331,2014-01-01,0.0004541957490985605
824,2014,1,Formosa,20774,4548,0,0,1000,25422,2014-01-01,0.0
825,2014,1,Jujuy,29765,4030,23,0,90,33827,2014-01-01,0.0007727196371577356
826,2014,1,La Pampa,15826,31305,513,5848,7010,54193,2014-01-01,0.032415013269303676
827,2014,1,La Rioja,15663,0,14,0,340,15711,2014-01-01,0.000893826214645981
828,2014,1,Mendoza,148970,12076,2480,370,2282,165845,2014-01-01,0.016647647177284015
829,2014,1,Misiones,56597,17191,4,1500,80,73950,2014-01-01,7.067512412318674e-05
830,2014,1,Neuquén,47790,28161,997,10381,3051,90380,2014-01-01,0.020862105042896005
831,2014,1,Río Negro,64886,24156,876,3576,1572,95066,2014-01-01,0.01350060105415652
832,2014,1,Salta,73131,17538,45,80,5680,91290,2014-01-01,0.0006153341264306518
833,2014,1,San Juan,48161,434,722,8080,1173,51298,2014-01-01,0.014991383069288428
834,2014,1,San Luis,11306,428,354,210,4480,12557,2014-01-01,0.0313108084203078
835,2014,1,Santa Cruz,18927,100,381,4092,3264,26764,2014-01-01,0.020129973054366777
836,2014,1,Santa Fe,322662,174296,3059,5951,6440,506612,2014-01-01,0.009480509015626259
837,2014,1,Santiago del Estero,32567,3598,19,9150,340,37133,2014-01-01,0.0005834126569840637
838,2014,1,Tierra del Fuego,21618,2837,648,10,2934,28038,2014-01-01,0.02997502081598668
839,2014,1,Tucumán,129717,83,121,130,980,130032,2014-01-01,0.0009327998643200197
